{
  "module_names": [
    {
      "branches": 0,
      "branches_missing": 0,
      "branches_partial": 0,
      "coverage": 100,
      "lines": [],
      "lines_not_covered": [],
      "module": "",
      "sum_lines": 0,
      "sum_lines_not_covered": 0
    },
    {
      "branches": 0,
      "branches_missing": 0,
      "branches_partial": 0,
      "coverage": 90.0,
      "lines": [
        3,
        5,
        6,
        7,
        9,
        10,
        12,
        14,
        15,
        16
      ],
      "lines_not_covered": [
        16
      ],
      "module": "uc3m_money.account_management_exception",
      "sum_lines": 10,
      "sum_lines_not_covered": 1
    },
    {
      "branches": 0,
      "branches_missing": 0,
      "branches_partial": 0,
      "coverage": 88.13559322033899,
      "lines": [
        2,
        3,
        4,
        6,
        9,
        16,
        17,
        18,
        19,
        20,
        21,
        22,
        23,
        25,
        26,
        28,
        30,
        40,
        41,
        43,
        45,
        46,
        47,
        49,
        50,
        52,
        54,
        55,
        56,
        58,
        59,
        61,
        62,
        63,
        64,
        66,
        67,
        69,
        70,
        71,
        72,
        74,
        75,
        77,
        78,
        79,
        80,
        82,
        83,
        85,
        86,
        87,
        88,
        90,
        91,
        93,
        95,
        96,
        98
      ],
      "lines_not_covered": [
        47,
        56,
        64,
        72,
        80,
        88,
        93
      ],
      "module": "uc3m_money.transfer_request",
      "sum_lines": 59,
      "sum_lines_not_covered": 7
    },
    {
      "branches": 0,
      "branches_missing": 0,
      "branches_partial": 0,
      "coverage": 82.85714285714286,
      "lines": [
        2,
        3,
        5,
        8,
        11,
        12,
        13,
        14,
        15,
        16,
        18,
        20,
        27,
        29,
        33,
        34,
        36,
        38,
        39,
        40,
        42,
        43,
        45,
        46,
        47,
        48,
        50,
        51,
        53,
        54,
        55,
        56,
        59,
        60,
        62
      ],
      "lines_not_covered": [
        36,
        40,
        45,
        48,
        53,
        56
      ],
      "module": "uc3m_money.account_deposit",
      "sum_lines": 35,
      "sum_lines_not_covered": 6
    },
    {
      "branches": 0,
      "branches_missing": 0,
      "branches_partial": 0,
      "coverage": 100.0,
      "lines": [
        3,
        4,
        5,
        6,
        7
      ],
      "lines_not_covered": [],
      "module": "uc3m_money",
      "sum_lines": 5,
      "sum_lines_not_covered": 0
    },
    {
      "branches": 36,
      "branches_missing": 0,
      "branches_partial": 0,
      "coverage": 98.55072463768116,
      "lines": [
        2,
        3,
        4,
        5,
        6,
        11,
        12,
        15,
        18,
        20,
        21,
        22,
        23,
        25,
        26,
        28,
        29,
        34,
        35,
        36,
        38,
        39,
        41,
        43,
        44,
        50,
        51,
        52,
        54,
        55,
        57,
        58,
        60,
        61,
        63,
        64,
        66,
        70,
        72,
        73,
        74,
        76,
        78,
        79,
        80,
        81,
        83,
        84,
        85,
        86,
        88,
        89,
        91,
        92,
        93,
        97,
        98,
        99,
        102,
        104,
        105,
        106,
        107,
        109,
        110,
        111,
        113,
        114,
        116,
        119,
        121,
        122,
        123,
        124,
        126,
        127,
        129,
        130,
        131,
        134,
        136,
        137,
        138,
        139,
        140,
        142,
        148,
        149,
        150,
        151,
        152,
        153,
        155,
        161,
        163,
        165,
        167,
        168,
        170,
        171,
        173,
        175,
        181,
        182,
        183,
        184,
        185,
        186,
        188,
        189,
        190,
        192,
        193,
        194,
        196,
        197,
        198,
        199,
        201,
        203,
        205,
        206,
        207,
        208,
        210,
        212,
        213,
        215,
        216,
        217,
        218,
        220,
        221,
        223,
        229,
        230,
        231,
        233
      ],
      "lines_not_covered": [
        139,
        140
      ],
      "module": "uc3m_money.account_manager",
      "sum_lines": 138,
      "sum_lines_not_covered": 2
    },
    {
      "branches": 0,
      "branches_missing": 0,
      "branches_partial": 0,
      "coverage": 100.0,
      "lines": [
        2,
        5,
        6,
        7,
        8,
        9,
        10,
        11
      ],
      "lines_not_covered": [],
      "module": "uc3m_money.account_management_config",
      "sum_lines": 8,
      "sum_lines_not_covered": 0
    }
  ],
  "overall_branch_coverage": 100.0,
  "overall_branch_partial_coverage": 100.0,
  "overall_coverage": 93.72549019607843
}